age,annual_income,monthly_income,credit_score,accountant_age,has_account,loan_type,loan_amount,loan_status
54,218335,18194,739,61,0,Housing,1020101,Rejected
49,1877191,156432,584,83,0,Personal,1141922,Rejected
49,837389,69782,377,31,1,Personal,931634,Rejected
26,1414982,117915,663,48,1,Vehicle,1784026,Approved
61,700127,58343,767,22,1,Vehicle,328875,Approved
47,1760272,146689,545,56,1,Personal,1272496,Rejected
18,644202,53683,437,24,1,Business,817862,Rejected
33,809268,67439,761,55,1,Personal,1419393,Approved
55,830920,69243,813,20,0,Education,549906,Rejected
20,216577,18048,808,38,0,Business,1988329,Rejected
23,463918,38659,693,72,1,Business,363863,Approved
25,1776368,148030,398,56,0,Housing,781237,Rejected
45,1018390,84865,756,31,1,Housing,1344472,Approved
51,524258,43688,422,34,1,Vehicle,395899,Rejected
60,1510474,125872,478,99,0,Education,1670782,Rejected
40,837999,69833,745,28,0,Business,1544374,Rejected
20,845535,70461,627,31,0,Vehicle,989641,Rejected
43,1372322,114360,462,49,1,Housing,1594176,Rejected
51,719780,59981,832,61,1,Personal,398775,Approved
49,1564098,130341,772,114,1,Housing,931716,Approved
52,1376697,114724,657,68,1,Education,1521687,Approved
28,1321720,110143,751,12,1,Personal,1878744,Approved
18,1069765,89147,848,8,0,Vehicle,244497,Rejected
27,378078,31506,764,106,1,Housing,1011838,Approved
45,1774456,147871,813,118,1,Vehicle,1572983,Approved
34,1804086,150340,769,54,1,Business,1957444,Approved
51,472179,39348,543,41,0,Housing,1397630,Rejected
55,1356530,113044,790,3,0,Vehicle,963009,Rejected
33,1656263,138021,596,113,0,Personal,1302515,Rejected
53,1758176,146514,408,104,1,Housing,1455094,Rejected
48,446272,37189,669,76,1,Housing,783727,Approved
29,317238,26436,499,54,0,Personal,1485241,Rejected
37,1122575,93547,834,92,1,Education,1442662,Approved
65,1315009,109584,513,34,1,Personal,1365473,Rejected
58,166247,13853,514,54,1,Education,1877327,Rejected
59,568886,47407,371,98,1,Personal,1777815,Rejected
21,879818,73318,560,46,1,Education,1642576,Rejected
30,1468776,122398,589,59,1,Business,1097299,Rejected
50,702855,58571,714,56,1,Vehicle,1573678,Approved
35,1162078,96839,757,109,1,Business,1056447,Approved
23,1596277,133023,675,102,1,Housing,1314421,Approved
44,1661324,138443,367,76,1,Personal,1291036,Rejected
38,1516204,126350,629,9,1,Business,834298,Rejected
36,1420330,118360,490,30,0,Vehicle,250179,Rejected
53,1807951,150662,354,28,0,Education,452081,Rejected
54,1349349,112445,749,117,0,Education,472213,Rejected
39,1928351,160695,495,66,1,Personal,1429158,Rejected
62,1362693,113557,351,4,1,Education,730654,Rejected
56,1488733,124061,475,98,0,Personal,1320989,Rejected
40,494514,41209,331,92,1,Personal,883438,Rejected
46,1361922,113493,656,7,0,Education,1531615,Rejected
48,1428958,119079,762,92,1,Business,417196,Approved
40,1878407,156533,733,105,1,Business,1125451,Approved
47,964197,80349,499,12,1,Housing,136704,Rejected
29,1492290,124357,494,72,1,Vehicle,1222553,Rejected
42,254643,21220,353,21,1,Housing,153897,Rejected
55,520657,43388,402,81,1,Housing,684671,Rejected
20,980069,81672,739,9,1,Housing,1081097,Approved
28,503113,41926,715,103,1,Vehicle,1892688,Approved
20,513030,42752,480,74,1,Housing,1126585,Rejected
59,1611402,134283,701,12,1,Personal,542929,Approved
24,1036365,86363,618,92,1,Business,1412190,Rejected
24,874738,72894,834,79,1,Business,562828,Approved
52,759480,63290,312,85,0,Education,1504184,Rejected
32,353203,29433,822,81,1,Personal,1259977,Approved
43,1372171,114347,523,36,1,Personal,1900940,Rejected
30,1455304,121275,843,3,0,Education,1751254,Rejected
20,186253,15521,740,43,0,Personal,801672,Rejected
38,1461414,121784,787,100,0,Personal,481109,Rejected
26,756499,63041,506,31,0,Education,1339126,Rejected
52,1375943,114661,728,111,0,Housing,61454,Rejected
25,208027,17335,356,87,0,Personal,1503648,Rejected
42,291366,24280,314,84,1,Housing,1358904,Rejected
44,250230,20852,473,6,1,Business,1012812,Rejected
47,854254,71187,490,4,1,Education,1075143,Rejected
63,1645207,137100,673,85,0,Housing,606402,Rejected
34,519254,43271,393,58,0,Housing,633069,Rejected
23,1250793,104232,615,18,0,Business,302465,Rejected
36,1629320,135776,642,103,0,Business,594553,Rejected
58,1730599,144216,829,54,0,Personal,1379355,Rejected
21,1426784,118898,361,82,0,Business,80682,Rejected
31,457507,38125,613,110,1,Housing,1850254,Rejected
19,934590,77882,828,85,0,Education,678177,Rejected
47,1934860,161238,774,22,0,Personal,894735,Rejected
56,472976,39414,762,84,0,Vehicle,1112554,Rejected
60,1134250,94520,458,5,1,Business,866569,Rejected
28,1134947,94578,580,27,1,Business,791211,Rejected
59,1330209,110850,688,19,1,Vehicle,322420,Approved
21,1109775,92481,354,86,1,Business,1144505,Rejected
21,947182,78931,383,116,0,Housing,119654,Rejected
18,917750,76479,745,28,1,Business,1972844,Approved
60,1666310,138859,392,13,0,Vehicle,1745179,Rejected
47,1047055,87254,618,22,0,Education,1189525,Rejected
62,1283289,106940,497,87,0,Housing,1808182,Rejected
42,607566,50630,827,76,1,Education,1703012,Approved
30,292440,24370,848,93,0,Business,1290758,Rejected
52,423037,35253,373,84,1,Education,236094,Rejected
31,174697,14558,765,22,0,Vehicle,855954,Rejected
58,585781,48815,553,42,1,Business,593289,Rejected
27,274884,22907,796,53,1,Vehicle,60296,Rejected
38,1563890,130324,600,64,0,Education,1547589,Rejected
36,1113198,92766,474,111,0,Education,950946,Rejected
23,403069,33589,773,20,0,Education,1164197,Rejected
23,164800,13733,832,105,1,Business,1062969,Rejected
23,1033937,86161,418,96,1,Education,1759627,Rejected
32,975862,81321,323,56,1,Business,1542495,Rejected
49,1608860,134071,729,38,0,Education,399348,Rejected
32,1140564,95047,811,73,1,Education,683196,Approved
65,1305872,108822,758,76,0,Business,1191782,Rejected
41,1473014,122751,775,38,0,Housing,517770,Rejected
41,1415014,117917,464,67,0,Business,1234451,Rejected
20,272445,22703,468,53,1,Housing,1660363,Rejected
30,209588,17465,472,59,1,Personal,1107233,Rejected
33,224674,18722,317,18,1,Education,1667443,Rejected
40,196454,16371,730,80,1,Vehicle,86098,Rejected
27,686495,57207,342,18,0,Personal,1130536,Rejected
63,1142742,95228,603,44,1,Business,944282,Rejected
62,839786,69982,601,54,0,Personal,1061320,Rejected
60,1665703,138808,668,62,1,Education,798817,Approved
22,480753,40062,495,70,1,Vehicle,467549,Rejected
18,1680145,140012,739,92,0,Housing,388686,Rejected
48,905732,75477,703,15,1,Housing,1708248,Approved
30,1354792,112899,379,62,0,Business,1808381,Rejected
34,1174466,97872,384,99,0,Housing,1863771,Rejected
59,515909,42992,473,57,1,Business,450068,Rejected
61,1037627,86468,534,55,1,Housing,535004,Rejected
64,1624324,135360,669,61,0,Housing,1732212,Rejected
54,1528510,127375,353,93,0,Housing,214730,Rejected
64,975322,81276,303,77,0,Business,1877314,Rejected
38,810999,67583,802,113,0,Education,558844,Rejected
42,988187,82348,774,65,0,Education,1315258,Rejected
51,1675189,139599,394,31,0,Personal,1569001,Rejected
22,716993,59749,553,35,1,Vehicle,1171923,Rejected
41,1864920,155410,438,44,0,Personal,1988095,Rejected
18,1731722,144310,761,82,0,Education,1337140,Rejected
57,198148,16512,467,76,0,Education,557846,Rejected
48,1117688,93140,367,21,0,Vehicle,1409892,Rejected
60,714680,59556,458,81,0,Education,1524503,Rejected
65,1876060,156338,832,114,0,Personal,120094,Rejected
46,1983985,165332,843,52,1,Business,1260136,Approved
61,906194,75516,599,75,0,Education,1568606,Rejected
39,898285,74857,371,113,1,Vehicle,1418536,Rejected
40,1624196,135349,405,120,1,Education,707061,Rejected
47,1047379,87281,714,21,1,Personal,365389,Approved
53,1444952,120412,473,108,0,Education,1642033,Rejected
41,1052048,87670,573,20,1,Housing,1479021,Rejected
58,1555590,129632,431,6,0,Business,404557,Rejected
54,1273409,106117,454,7,1,Vehicle,1978281,Rejected
47,1741499,145124,673,39,1,Personal,467750,Approved
59,1835260,152938,663,108,0,Personal,1600651,Rejected
54,666553,55546,753,100,0,Business,1355206,Rejected
35,1313303,109441,596,6,1,Vehicle,1030207,Rejected
56,1610961,134246,357,47,1,Education,1079518,Rejected
36,1887092,157257,849,62,0,Vehicle,578083,Rejected
55,1370308,114192,781,119,0,Housing,862591,Rejected
45,823740,68645,580,13,1,Personal,240817,Rejected
24,1942188,161849,563,55,0,Housing,1193863,Rejected
61,1752689,146057,479,98,0,Business,1210194,Rejected
36,1493276,124439,465,43,0,Business,1561065,Rejected
62,406285,33857,470,40,0,Vehicle,1952226,Rejected
48,544431,45369,758,7,1,Business,331662,Approved
19,1953019,162751,601,65,0,Business,1287741,Rejected
24,465858,38821,809,80,1,Business,680247,Approved
21,969022,80751,471,18,1,Personal,1056002,Rejected
45,1003889,83657,316,3,0,Vehicle,900774,Rejected
30,1390744,115895,823,76,1,Education,547802,Approved
39,1282679,106889,529,46,0,Business,1799827,Rejected
18,1828717,152393,450,1,0,Housing,620371,Rejected
33,1706588,142215,377,62,1,Personal,1814273,Rejected
46,925276,77106,303,80,0,Housing,1343845,Rejected
54,1858818,154901,509,88,1,Personal,670310,Rejected
27,1976824,164735,830,100,1,Education,237179,Approved
26,1140445,95037,379,38,0,Education,1675024,Rejected
63,1146696,95558,599,97,0,Education,666842,Rejected
20,904746,75395,368,10,1,Business,946791,Rejected
20,383295,31941,474,16,0,Housing,1458140,Rejected
44,255038,21253,378,118,1,Personal,918249,Rejected
41,848900,70741,827,77,1,Education,582664,Approved
42,182684,15223,300,59,0,Business,196777,Rejected
42,1896991,158082,663,106,1,Business,123853,Approved
21,836398,69699,777,39,1,Housing,381473,Approved
40,1187848,98987,396,95,1,Housing,712849,Rejected
21,1486454,123871,612,116,0,Business,647437,Rejected
25,1714423,142868,671,6,0,Business,1889930,Rejected
19,722285,60190,532,45,0,Business,676893,Rejected
52,1578825,131568,688,118,1,Business,1977140,Approved
46,1927181,160598,625,92,0,Housing,666140,Rejected
30,887871,73989,655,80,1,Education,1508951,Approved
24,1095117,91259,446,28,1,Business,742099,Rejected
61,1569927,130827,607,31,1,Personal,1753739,Rejected
22,633090,52757,688,98,0,Housing,154092,Rejected
23,911267,75938,681,13,0,Business,1438494,Rejected
21,1496633,124719,379,2,1,Housing,1524237,Rejected
22,1321351,110112,744,104,1,Vehicle,285342,Approved
19,1287364,107280,404,108,0,Business,1719953,Rejected
57,1472832,122736,379,106,1,Vehicle,207184,Rejected
38,1414015,117834,416,38,0,Housing,991360,Rejected
26,1161760,96813,631,96,1,Housing,957331,Rejected
21,1060873,88406,429,55,1,Housing,1629333,Rejected
41,445333,37111,592,85,1,Housing,1081719,Rejected
43,1638391,136532,398,33,0,Housing,875164,Rejected
52,1576623,131385,401,18,0,Vehicle,515645,Rejected
25,277023,23085,359,88,1,Education,1425154,Rejected
50,1623170,135264,332,98,0,Housing,939426,Rejected
37,252706,21058,527,114,1,Vehicle,640998,Rejected
46,1439012,119917,740,105,0,Business,505633,Rejected
28,1546800,128900,512,9,0,Business,352778,Rejected
56,719979,59998,628,120,1,Business,1304131,Rejected
40,1525817,127151,350,86,0,Business,486018,Rejected
43,675806,56317,797,54,1,Education,799833,Approved
44,829433,69119,532,40,1,Personal,97456,Rejected
62,1166587,97215,775,21,0,Education,1632127,Rejected
33,221101,18425,787,75,0,Personal,554790,Rejected
62,1503925,125327,407,69,0,Business,497561,Rejected
56,928911,77409,464,91,0,Business,1032420,Rejected
33,446054,37171,776,82,0,Housing,1089001,Rejected
24,271225,22602,477,83,0,Housing,1330262,Rejected
33,312421,26035,774,5,0,Personal,204359,Rejected
62,1757404,146450,362,12,1,Education,212323,Rejected
56,1406198,117183,515,95,0,Housing,282900,Rejected
58,1358452,113204,681,21,1,Vehicle,446422,Approved
50,1282045,106837,513,55,0,Business,985363,Rejected
47,1371973,114331,606,84,1,Personal,772301,Rejected
18,698495,58207,838,32,0,Business,904871,Rejected
44,781236,65103,741,9,1,Housing,1859328,Approved
40,445456,37121,415,8,1,Vehicle,437907,Rejected
33,1994228,166185,345,43,1,Education,885393,Rejected
51,284607,23717,569,92,1,Education,572076,Rejected
59,169121,14093,598,110,0,Vehicle,557720,Rejected
19,581438,48453,478,24,0,Personal,599793,Rejected
34,1135631,94635,414,115,1,Personal,1278411,Rejected
60,1308353,109029,712,87,1,Personal,882214,Approved
44,1040280,86690,731,75,0,Vehicle,748468,Rejected
18,1203457,100288,407,55,0,Business,967413,Rejected
25,1198471,99872,461,114,1,Personal,602313,Rejected
25,443669,36972,573,44,1,Business,1165892,Rejected
33,1551624,129302,397,55,1,Vehicle,1632178,Rejected
31,948316,79026,368,78,1,Personal,302424,Rejected
47,1173105,97758,634,42,0,Business,135313,Rejected
19,1264006,105333,791,81,1,Education,1591345,Approved
34,461968,38497,435,50,1,Personal,1824249,Rejected
54,918335,76527,771,69,1,Education,82075,Approved
54,771459,64288,456,64,1,Housing,1325575,Rejected
31,1211619,100968,435,9,0,Personal,1033456,Rejected
39,825034,68752,749,43,0,Vehicle,1527944,Rejected
28,1655264,137938,397,87,0,Business,1435958,Rejected
64,1331096,110924,566,11,1,Business,1308114,Rejected
64,792789,66065,675,17,1,Personal,1908268,Approved
59,1806914,150576,602,92,1,Education,1750101,Rejected
45,1874701,156225,367,11,1,Education,975952,Rejected
40,1001446,83453,460,47,0,Personal,1758594,Rejected
31,948285,79023,336,72,0,Personal,1538586,Rejected
31,1392164,116013,646,62,1,Personal,1016187,Rejected
44,171266,14272,379,96,1,Education,108215,Rejected
65,1733848,144487,532,89,1,Education,443106,Rejected
51,1383969,115330,333,89,0,Vehicle,1756387,Rejected
44,1670174,139181,709,82,1,Housing,1137031,Approved
22,334729,27894,408,5,0,Business,1812436,Rejected
18,1932668,161055,356,97,1,Vehicle,1246664,Rejected
64,724575,60381,769,117,1,Business,1679086,Approved
22,1731597,144299,847,21,1,Education,1406686,Approved
46,1097691,91474,735,49,1,Housing,1745611,Approved
47,1579748,131645,585,112,0,Housing,329362,Rejected
19,1675081,139590,661,31,0,Personal,369059,Rejected
57,340267,28355,709,13,1,Housing,1303527,Approved
20,1419434,118286,800,106,0,Personal,171131,Rejected
52,1793037,149419,471,31,1,Vehicle,208975,Rejected
65,1741011,145084,730,15,0,Education,836647,Rejected
56,1413234,117769,812,45,1,Business,1877137,Approved
45,1389504,115792,642,63,1,Vehicle,1201456,Rejected
40,1292785,107732,367,27,0,Vehicle,1998464,Rejected
26,1914692,159557,379,39,1,Personal,966320,Rejected
26,1782707,148558,764,120,1,Business,1136508,Approved
53,281709,23475,725,62,0,Housing,1191599,Rejected
21,1486291,123857,462,30,1,Education,1598483,Rejected
43,1975513,164626,558,19,1,Vehicle,986185,Rejected
44,1761442,146786,349,50,0,Education,196782,Rejected
60,1642724,136893,388,3,1,Education,1197783,Rejected
23,538283,44856,700,2,1,Business,400034,Approved
46,454464,37872,626,56,0,Education,102700,Rejected
59,1583805,131983,708,47,1,Business,1905676,Approved
47,1105068,92089,340,31,0,Education,1668626,Rejected
26,1428582,119048,503,60,1,Housing,1852948,Rejected
37,796150,66345,801,34,1,Vehicle,394187,Approved
35,266205,22183,728,41,0,Vehicle,918371,Rejected
25,1079193,89932,413,102,0,Vehicle,514042,Rejected
52,290509,24209,766,13,1,Housing,1115007,Rejected
59,760410,63367,429,71,1,Personal,453944,Rejected
63,1715111,142925,664,117,1,Business,923518,Approved
31,773895,64491,347,54,0,Education,1566940,Rejected
59,1959378,163281,318,78,0,Housing,1640135,Rejected
39,714673,59556,818,114,0,Personal,1119456,Rejected
18,1007486,83957,705,103,0,Personal,178439,Rejected
23,359248,29937,640,69,1,Education,1172112,Rejected
54,1863356,155279,849,8,1,Education,882289,Approved
25,1803919,150326,845,68,0,Housing,1721179,Rejected
62,1394093,116174,474,81,0,Business,1678298,Rejected
26,1426193,118849,699,92,0,Education,1864638,Rejected
38,796478,66373,394,73,1,Housing,1929273,Rejected
41,825600,68800,364,31,0,Business,1307523,Rejected
51,1231042,102586,668,102,1,Personal,1418012,Approved
65,1196010,99667,546,85,0,Education,1302091,Rejected
40,624252,52021,692,77,0,Business,857033,Rejected
47,273078,22756,786,72,1,Business,1431623,Rejected
34,711753,59312,407,110,1,Education,949308,Rejected
48,1159634,96636,763,97,1,Personal,568280,Approved
35,1775211,147934,477,86,0,Education,306552,Rejected
44,1402301,116858,829,101,1,Vehicle,1777372,Approved
61,897498,74791,753,6,1,Personal,892853,Approved
23,762992,63582,538,61,0,Vehicle,402222,Rejected
28,179041,14920,572,77,0,Housing,1708183,Rejected
47,820083,68340,638,82,1,Education,264793,Rejected
18,825031,68752,579,59,1,Vehicle,611278,Rejected
44,219923,18326,708,45,1,Personal,1343220,Rejected
57,1548263,129021,465,39,1,Education,1915322,Rejected
59,178147,14845,596,39,0,Business,1297040,Rejected
46,1243385,103615,389,48,1,Business,854222,Rejected
35,907391,75615,416,4,1,Education,1177483,Rejected
49,549189,45765,464,20,0,Education,348427,Rejected
55,835888,69657,748,28,1,Personal,229681,Approved
53,221752,18479,755,25,1,Business,897846,Rejected
48,344496,28708,484,80,0,Education,995564,Rejected
34,1935894,161324,642,23,1,Vehicle,1878568,Rejected
24,1357397,113116,448,70,1,Vehicle,696315,Rejected
65,1389994,115832,381,45,0,Housing,1057990,Rejected
21,1077736,89811,821,74,0,Business,1162915,Rejected
27,1882238,156853,666,37,0,Education,1042114,Rejected
29,1483751,123645,715,35,1,Housing,666947,Approved
21,340826,28402,340,118,1,Housing,1568988,Rejected
58,708866,59072,639,5,0,Education,1501364,Rejected
41,1794266,149522,731,98,1,Housing,1898635,Approved
64,1271348,105945,442,94,1,Vehicle,533129,Rejected
56,1298911,108242,584,95,1,Personal,1637315,Rejected
58,1435660,119638,477,44,1,Education,964406,Rejected
35,186539,15544,693,36,1,Business,1594426,Rejected
39,1792551,149379,377,74,1,Vehicle,404105,Rejected
63,256973,21414,497,86,0,Vehicle,1600481,Rejected
54,837869,69822,707,113,1,Education,1661895,Approved
56,384854,32071,376,101,0,Business,808928,Rejected
59,1874806,156233,498,83,0,Housing,1781661,Rejected
29,1237623,103135,642,54,1,Education,585691,Rejected
24,1114940,92911,468,46,0,Vehicle,1523179,Rejected
41,982814,81901,568,40,0,Personal,959911,Rejected
59,1612110,134342,477,31,0,Vehicle,1278367,Rejected
46,1763098,146924,734,2,1,Vehicle,1513719,Approved
45,1270332,105861,667,67,1,Business,1508642,Approved
34,595841,49653,726,99,0,Personal,1459023,Rejected
31,227192,18932,433,19,1,Business,309363,Rejected
23,1369053,114087,592,59,1,Housing,1202455,Rejected
20,1865160,155430,443,0,0,Housing,89986,Rejected
55,1483619,123634,714,66,1,Business,51193,Approved
62,296619,24718,561,77,0,Personal,807103,Rejected
28,1542366,128530,541,90,1,Education,89648,Rejected
58,377896,31491,349,108,1,Vehicle,1147846,Rejected
62,1578841,131570,352,9,1,Education,1023584,Rejected
32,745632,62136,772,66,1,Personal,340674,Approved
34,244426,20368,337,2,0,Vehicle,975983,Rejected
53,1170828,97569,499,72,0,Education,1865172,Rejected
27,1680814,140067,457,39,1,Business,1643160,Rejected
22,1181882,98490,411,120,1,Education,102653,Rejected
28,1735886,144657,812,68,1,Housing,1098232,Approved
32,1539039,128253,558,59,1,Housing,592224,Rejected
41,1294632,107886,532,110,1,Business,224806,Rejected
62,1739090,144924,433,28,1,Business,103043,Rejected
44,602269,50189,727,83,0,Personal,932704,Rejected
32,992420,82701,381,106,0,Housing,853416,Rejected
47,633495,52791,353,64,1,Housing,414946,Rejected
24,1670410,139200,808,25,0,Business,1740091,Rejected
35,1680363,140030,414,120,0,Business,674844,Rejected
57,1364778,113731,661,64,0,Housing,1566591,Rejected
21,1414708,117892,521,17,0,Business,606673,Rejected
32,972993,81082,726,60,1,Housing,1808135,Approved
49,903680,75306,678,117,0,Personal,1638969,Rejected
56,622603,51883,422,5,0,Education,1075809,Rejected
36,1235462,102955,732,2,0,Vehicle,540689,Rejected
46,316700,26391,512,7,1,Personal,172568,Rejected
46,1104788,92065,494,25,0,Personal,185426,Rejected
29,1173535,97794,817,94,1,Vehicle,1705021,Approved
22,645170,53764,358,17,0,Personal,1582347,Rejected
42,1194795,99566,688,41,1,Business,1204212,Approved
22,322013,26834,513,14,1,Business,1541933,Rejected
40,1348955,112412,360,45,1,Education,982216,Rejected
30,1798620,149885,440,108,0,Business,1528877,Rejected
26,1876613,156384,408,103,1,Vehicle,1142375,Rejected
56,929150,77429,374,0,1,Education,1376160,Rejected
44,1587967,132330,561,68,0,Business,1412841,Rejected
21,1921003,160083,842,0,1,Business,1763642,Approved
39,1342555,111879,771,112,0,Education,1876088,Rejected
42,276446,23037,312,99,1,Education,396693,Rejected
18,426286,35523,511,39,0,Education,266519,Rejected
63,1484875,123739,664,9,1,Vehicle,1872840,Approved
41,1438011,119834,504,119,0,Education,1006330,Rejected
46,1410374,117531,481,50,1,Business,1187831,Rejected
43,1615235,134602,557,49,0,Vehicle,715334,Rejected
59,370455,30871,417,31,0,Housing,544811,Rejected
28,477719,39809,380,56,1,Education,1557041,Rejected
37,1193544,99462,780,57,0,Vehicle,341130,Rejected
54,199489,16624,753,65,1,Vehicle,1592224,Rejected
45,760856,63404,451,34,0,Business,64741,Rejected
28,735802,61316,340,50,0,Personal,265419,Rejected
37,1798012,149834,501,24,1,Housing,1194683,Rejected
43,1419722,118310,511,97,1,Vehicle,1938503,Rejected
33,252414,21034,747,58,0,Vehicle,767089,Rejected
35,521630,43469,487,78,1,Vehicle,1239346,Rejected
56,1824763,152063,402,119,1,Housing,614059,Rejected
37,432756,36063,415,79,1,Business,1071047,Rejected
35,1168519,97376,695,46,0,Education,196493,Rejected
62,1785117,148759,320,116,0,Vehicle,1583183,Rejected
22,710385,59198,563,110,0,Housing,250911,Rejected
30,530970,44247,727,8,1,Housing,1544799,Approved
38,1786212,148851,528,30,1,Education,1108956,Rejected
39,650586,54215,840,81,0,Vehicle,1184168,Rejected
18,724859,60404,389,46,0,Business,1717436,Rejected
46,1783093,148591,407,89,0,Business,1668828,Rejected
40,1002035,83502,540,111,1,Vehicle,1198999,Rejected
28,233779,19481,639,97,1,Vehicle,1776913,Rejected
47,293849,24487,479,61,1,Education,810912,Rejected
60,1366791,113899,534,62,0,Business,1989089,Rejected
42,163515,13626,456,20,0,Vehicle,1400701,Rejected
62,1615163,134596,571,2,1,Education,129739,Rejected
18,304526,25377,526,116,1,Education,386865,Rejected
58,558157,46513,357,111,0,Housing,1651830,Rejected
19,1886486,157207,721,44,0,Vehicle,1145174,Rejected
47,860716,71726,675,14,0,Vehicle,1773917,Rejected
43,966645,80553,804,88,0,Housing,1906250,Rejected
25,724943,60411,828,112,1,Housing,315875,Approved
44,991915,82659,549,2,0,Business,442239,Rejected
37,322970,26914,547,89,0,Education,1188158,Rejected
21,869366,72447,780,84,0,Education,931776,Rejected
30,160468,13372,586,117,0,Vehicle,1924141,Rejected
59,1215184,101265,791,45,1,Housing,1931228,Approved
44,616147,51345,382,25,0,Business,1803146,Rejected
55,1343712,111976,790,21,1,Personal,53326,Approved
22,1570380,130865,704,107,1,Personal,602022,Approved
27,1702892,141907,840,69,1,Housing,387149,Approved
50,511350,42612,704,97,1,Education,1443697,Approved
33,967736,80644,645,83,0,Housing,581126,Rejected
33,929317,77443,577,93,0,Housing,214189,Rejected
51,377395,31449,703,51,1,Personal,912860,Approved
61,281838,23486,779,1,1,Education,900540,Rejected
54,1739587,144965,471,50,0,Vehicle,564308,Rejected
20,631325,52610,716,65,0,Business,291961,Rejected
48,585898,48824,813,26,1,Business,808389,Approved
38,614442,51203,633,65,0,Personal,975678,Rejected
21,709224,59102,571,100,1,Business,1309485,Rejected
31,1063578,88631,650,7,0,Housing,360594,Rejected
41,1279557,106629,481,64,1,Housing,910277,Rejected
31,268653,22387,521,38,0,Personal,1067107,Rejected
25,1080235,90019,339,10,1,Education,1651287,Rejected
28,443969,36997,343,26,0,Housing,542580,Rejected
61,1306510,108875,846,92,1,Personal,1635036,Approved
61,1536857,128071,741,80,1,Vehicle,1672266,Approved
41,1788373,149031,433,91,1,Vehicle,1377736,Rejected
61,1967435,163952,409,55,1,Housing,943259,Rejected
57,1608607,134050,845,71,0,Housing,1589723,Rejected
40,799420,66618,430,54,0,Housing,933012,Rejected
27,305131,25427,326,5,1,Business,1059683,Rejected
49,910967,75913,672,107,1,Vehicle,764539,Approved
64,1754216,146184,322,104,1,Vehicle,945917,Rejected
44,1909386,159115,502,62,0,Business,1434468,Rejected
61,1916074,159672,337,24,1,Housing,1954187,Rejected
47,373558,31129,374,71,1,Vehicle,1237410,Rejected
54,859307,71608,689,0,0,Personal,1431785,Rejected
45,445558,37129,400,47,0,Housing,1450983,Rejected
30,402310,33525,527,101,0,Personal,1048407,Rejected
56,216940,18078,776,68,1,Education,1012772,Rejected
55,1161455,96787,590,63,0,Housing,1167436,Rejected
52,326838,27236,500,37,0,Personal,1746351,Rejected
60,1030753,85896,400,76,0,Business,1509523,Rejected
19,1742082,145173,512,12,1,Housing,116370,Rejected
46,1496370,124697,611,119,1,Business,1075217,Rejected
35,774776,64564,730,102,1,Housing,438320,Approved
23,1758481,146540,717,33,1,Personal,262669,Approved
46,1312614,109384,317,92,0,Housing,1483027,Rejected
52,1056573,88047,350,26,1,Personal,1630266,Rejected
53,1933581,161131,414,86,0,Vehicle,1241541,Rejected
28,1267890,105657,665,27,1,Vehicle,1834667,Approved
27,1220461,101705,504,92,0,Housing,731405,Rejected
41,453769,37814,822,117,0,Vehicle,1794033,Rejected
46,1726819,143901,808,106,0,Education,1194645,Rejected
24,429361,35780,826,7,0,Business,1883396,Rejected
37,1129097,94091,516,34,1,Personal,965954,Rejected
23,331636,27636,572,38,1,Vehicle,1643419,Rejected
57,1745145,145428,789,66,1,Education,613749,Approved
44,538204,44850,795,80,0,Education,1543545,Rejected
32,1400283,116690,687,62,1,Education,1153917,Approved
61,590971,49247,741,46,1,Business,1618015,Approved
61,1186748,98895,319,62,1,Business,535515,Rejected
64,865634,72136,528,24,1,Vehicle,655338,Rejected
62,1396833,116402,616,21,1,Housing,966174,Rejected
40,834888,69574,426,13,0,Education,1372844,Rejected
27,1060244,88353,327,114,1,Housing,1843304,Rejected
31,1262598,105216,653,104,0,Housing,462919,Rejected
26,195731,16310,469,73,1,Business,307560,Rejected
41,1603656,133638,517,37,1,Education,1191931,Rejected
54,1487336,123944,816,117,1,Vehicle,1299923,Approved
37,1551088,129257,400,31,1,Education,868166,Rejected
21,1833229,152769,835,8,1,Housing,1916917,Approved
65,985981,82165,654,3,1,Housing,1810150,Approved
24,858283,71523,631,6,0,Business,1878190,Rejected
44,692498,57708,512,37,0,Business,535355,Rejected
56,824227,68685,380,10,0,Business,1090384,Rejected
20,990997,82583,650,37,1,Housing,1002137,Approved
42,1067808,88984,717,77,1,Housing,1311597,Approved
63,1661278,138439,498,108,0,Housing,541073,Rejected
44,544547,45378,706,53,0,Education,1330928,Rejected
29,850686,70890,385,96,1,Vehicle,245465,Rejected
18,1985904,165492,433,84,1,Personal,1884620,Rejected
20,1785246,148770,397,79,0,Business,398990,Rejected
23,1114753,92896,643,101,1,Education,863675,Rejected
21,1100743,91728,848,81,0,Personal,457662,Rejected
20,382686,31890,839,103,0,Vehicle,918940,Rejected
44,504098,42008,795,49,0,Personal,299077,Rejected
36,885238,73769,445,66,0,Education,1506260,Rejected
53,1739786,144982,820,31,1,Vehicle,1761313,Approved
21,937712,78142,612,41,1,Housing,740703,Rejected
23,424945,35412,777,105,1,Education,1438861,Approved
36,1033503,86125,595,95,1,Education,887599,Rejected
58,255688,21307,619,94,1,Education,1410909,Rejected
61,564068,47005,415,92,0,Personal,1683186,Rejected
59,1473540,122795,431,79,0,Business,1317796,Rejected
65,1262967,105247,773,11,0,Housing,1902729,Rejected
52,1929582,160798,789,34,1,Housing,1217149,Approved
27,1723179,143598,675,75,0,Education,983135,Rejected
27,1706076,142173,365,49,0,Education,1624306,Rejected
52,323169,26930,419,96,1,Personal,233704,Rejected
54,831464,69288,738,17,0,Vehicle,397065,Rejected
26,220044,18337,337,55,1,Personal,1179552,Rejected
20,178573,14881,532,22,1,Housing,246589,Rejected
50,1888291,157357,544,13,0,Personal,1210243,Rejected
54,777252,64771,625,13,0,Housing,1297168,Rejected
42,837930,69827,423,95,0,Business,728941,Rejected
51,405821,33818,326,99,1,Housing,855444,Rejected
31,797992,66499,472,97,0,Business,492826,Rejected
29,1545261,128771,532,1,1,Vehicle,489505,Rejected
36,989326,82443,759,64,1,Housing,1427493,Approved
38,270834,22569,427,19,0,Education,1972476,Rejected
40,1762693,146891,432,38,0,Housing,962856,Rejected
27,1344293,112024,724,45,1,Personal,1528677,Approved
65,1171176,97598,830,57,0,Business,277606,Rejected
35,616783,51398,653,75,0,Business,306719,Rejected
52,1300941,108411,375,21,1,Personal,692459,Rejected
61,988279,82356,683,15,0,Education,1155614,Rejected
50,1487829,123985,755,104,1,Housing,1505940,Approved
19,225190,18765,447,95,1,Housing,229990,Rejected
60,1266775,105564,759,54,0,Business,633826,Rejected
36,1440376,120031,303,58,0,Business,1062070,Rejected
56,701289,58440,319,43,1,Vehicle,1592631,Rejected
62,1907544,158962,565,11,1,Housing,1236674,Rejected
29,345062,28755,507,66,0,Vehicle,1468834,Rejected
38,1911477,159289,671,1,1,Personal,1609808,Approved
34,1672301,139358,304,95,0,Vehicle,1834693,Rejected
33,304655,25387,535,67,0,Education,1317551,Rejected
45,563291,46940,712,120,1,Education,489688,Approved
37,286113,23842,463,19,0,Personal,1850887,Rejected
47,1313092,109424,557,32,0,Vehicle,1419239,Rejected
25,1105125,92093,495,102,1,Business,475826,Rejected
37,204462,17038,358,25,0,Education,888742,Rejected
61,1640517,136709,671,14,1,Vehicle,1668096,Approved
64,1919979,159998,723,90,1,Personal,1338559,Approved
36,688778,57398,835,99,1,Vehicle,397670,Approved
27,1645773,137147,797,87,1,Education,1583122,Approved
37,1010576,84214,443,105,1,Business,54390,Rejected
38,881970,73497,563,106,1,Vehicle,1477380,Rejected
22,1175657,97971,784,5,0,Vehicle,344948,Rejected
34,1770511,147542,828,11,1,Business,1155510,Approved
37,453951,37829,849,94,1,Education,1971209,Approved
53,1413900,117825,535,74,1,Vehicle,715535,Rejected
25,919961,76663,819,61,1,Business,1173636,Approved
48,800461,66705,591,66,1,Vehicle,229688,Rejected
36,663295,55274,512,98,1,Personal,180434,Rejected
59,1474483,122873,593,61,1,Business,67052,Rejected
52,1341043,111753,553,43,1,Vehicle,1829974,Rejected
63,1799557,149963,387,83,0,Vehicle,696850,Rejected
23,712550,59379,373,20,1,Business,487462,Rejected
55,1019360,84946,680,28,1,Education,157607,Approved
56,1612220,134351,554,81,1,Personal,925698,Rejected
38,268872,22406,673,40,0,Housing,1543383,Rejected
63,640476,53373,723,53,0,Vehicle,688318,Rejected
20,1422250,118520,747,26,1,Housing,1279499,Approved
30,1767628,147302,304,74,0,Education,1554479,Rejected
56,802092,66841,775,13,1,Vehicle,428493,Approved
32,1150349,95862,719,31,1,Education,588300,Approved
48,184676,15389,309,36,1,Vehicle,1197959,Rejected
65,1851769,154314,705,60,0,Vehicle,1341653,Rejected
26,858978,71581,781,88,0,Education,1621055,Rejected
29,354384,29532,348,43,1,Business,790152,Rejected
56,235208,19600,618,78,0,Vehicle,1560737,Rejected
51,1466251,122187,580,113,1,Education,1756975,Rejected
54,1617754,134812,514,114,0,Personal,985177,Rejected
47,794499,66208,649,7,0,Personal,994862,Rejected
57,965296,80441,333,76,0,Education,1317390,Rejected
56,1299937,108328,820,70,1,Business,1962322,Approved
30,1505040,125420,553,13,0,Housing,514004,Rejected
59,1741883,145156,697,94,1,Business,1878179,Approved
44,923435,76952,786,1,1,Vehicle,1114373,Approved
31,481916,40159,686,80,0,Personal,230708,Rejected
24,1057120,88093,405,41,1,Vehicle,1088970,Rejected
26,193328,16110,834,71,1,Housing,353163,Rejected
26,1237288,103107,828,45,0,Education,339334,Rejected
63,400690,33390,492,67,1,Housing,297025,Rejected
46,1255087,104590,487,67,1,Education,1185164,Rejected
35,631881,52656,582,99,0,Personal,1957076,Rejected
20,1332286,111023,360,104,0,Education,686789,Rejected
61,273308,22775,731,101,1,Vehicle,811382,Rejected
64,1560281,130023,346,57,0,Business,1753208,Rejected
19,1697856,141488,831,57,1,Business,1144238,Approved
59,838067,69838,676,57,1,Education,842207,Approved
38,904325,75360,795,120,0,Housing,913203,Rejected
23,1249048,104087,728,27,1,Personal,149798,Approved
42,1611266,134272,311,0,1,Personal,1433908,Rejected
31,1621844,135153,554,108,0,Personal,1424042,Rejected
23,1224184,102015,819,60,1,Education,859663,Approved
36,658273,54856,802,25,1,Vehicle,197580,Approved
28,276646,23053,407,82,1,Vehicle,1848998,Rejected
64,1334604,111217,826,60,1,Vehicle,761082,Approved
34,603719,50309,437,116,1,Education,1468607,Rejected
26,1156858,96404,794,51,0,Business,967049,Rejected
45,1778218,148184,331,106,1,Education,583244,Rejected
38,1221229,101769,609,32,1,Education,960774,Rejected
18,1779223,148268,738,92,1,Personal,1427045,Approved
30,1987762,165646,653,95,0,Housing,1831338,Rejected
49,1595193,132932,381,56,0,Education,141332,Rejected
29,1781402,148450,604,93,0,Business,50756,Rejected
27,881454,73454,610,62,0,Personal,1253471,Rejected
45,1327997,110666,631,80,0,Housing,1869544,Rejected
37,1398224,116518,789,120,0,Vehicle,627695,Rejected
24,1698618,141551,476,107,1,Education,1501848,Rejected
32,550119,45843,824,62,0,Housing,1155883,Rejected
62,355358,29613,605,22,1,Housing,479042,Rejected
40,1243809,103650,839,5,1,Personal,1985580,Approved
41,1017757,84813,796,64,1,Housing,1576906,Approved
64,1120270,93355,361,65,1,Business,1655326,Rejected
47,1956359,163029,601,40,0,Vehicle,1431898,Rejected
55,553921,46160,495,53,1,Housing,712334,Rejected
28,1481129,123427,521,83,0,Vehicle,1242781,Rejected
56,377020,31418,677,35,1,Housing,496672,Approved
27,1754058,146171,387,14,0,Vehicle,1065991,Rejected
44,633984,52832,844,108,1,Education,1720828,Approved
49,1189069,99089,659,36,1,Housing,1035844,Approved
50,1528475,127372,430,80,0,Vehicle,957289,Rejected
35,1568517,130709,353,117,1,Personal,1704852,Rejected
45,1538352,128196,415,117,0,Personal,348467,Rejected
38,1519461,126621,377,5,0,Vehicle,1638875,Rejected
44,664523,55376,459,78,1,Vehicle,877016,Rejected
39,545297,45441,817,1,0,Housing,1863826,Rejected
36,1692080,141006,589,54,1,Vehicle,1788792,Rejected
63,1796034,149669,315,46,1,Personal,1738613,Rejected
59,1111590,92632,591,46,1,Education,1981331,Rejected
22,977588,81465,474,27,0,Education,607086,Rejected
65,1917779,159814,522,49,0,Business,1441507,Rejected
48,1818234,151519,791,15,1,Education,1451589,Approved
44,643962,53663,562,94,0,Vehicle,1340216,Rejected
36,1971679,164306,563,32,1,Education,207403,Rejected
20,1265793,105482,662,67,1,Housing,1104852,Approved
58,774575,64547,593,75,1,Business,970935,Rejected
57,1714314,142859,578,110,0,Education,1409483,Rejected
57,1943872,161989,572,67,1,Housing,137676,Rejected
59,1441716,120143,408,67,0,Housing,987854,Rejected
37,1830109,152509,815,98,0,Vehicle,1862618,Rejected
62,1024562,85380,341,89,0,Personal,1101657,Rejected
41,1509687,125807,514,117,0,Housing,1163805,Rejected
36,243365,20280,501,106,0,Vehicle,951043,Rejected
47,1019061,84921,377,51,1,Business,485175,Rejected
33,1572017,131001,405,80,1,Vehicle,1278408,Rejected
50,707664,58972,552,36,1,Education,449817,Rejected
23,170498,14208,593,79,0,Housing,52274,Rejected
29,1134143,94511,755,55,1,Personal,994133,Approved
34,672828,56069,524,96,1,Education,1577426,Rejected
31,538651,44887,537,12,0,Vehicle,1805084,Rejected
20,1301408,108450,539,74,1,Business,753736,Rejected
29,730338,60861,680,118,0,Housing,1861000,Rejected
62,782969,65247,752,80,1,Personal,681048,Approved
47,164069,13672,572,111,0,Education,1431572,Rejected
52,731024,60918,451,53,1,Personal,1250340,Rejected
47,886636,73886,336,88,0,Personal,838512,Rejected
44,1027887,85657,474,116,0,Vehicle,1497803,Rejected
21,1751363,145946,477,64,1,Vehicle,622605,Rejected
54,1903129,158594,734,33,0,Housing,416940,Rejected
18,904000,75333,570,69,1,Vehicle,72729,Rejected
49,1602094,133507,795,31,0,Personal,1400705,Rejected
20,1375379,114614,364,10,1,Business,778029,Rejected
33,1665238,138769,517,18,0,Housing,1995825,Rejected
45,386982,32248,732,74,1,Personal,939630,Approved
61,620267,51688,442,114,1,Personal,1092972,Rejected
38,1996069,166339,517,15,0,Personal,172200,Rejected
35,727503,60625,712,54,0,Personal,146038,Rejected
53,1500202,125016,620,77,1,Personal,1071454,Rejected
18,765895,63824,476,19,0,Vehicle,360000,Rejected
29,1105281,92106,407,15,1,Personal,517606,Rejected
27,1853205,154433,562,94,1,Housing,1545336,Rejected
62,1169992,97499,812,111,0,Education,171542,Rejected
36,1871544,155962,379,36,0,Personal,1578642,Rejected
31,1240869,103405,816,60,0,Housing,1951120,Rejected
40,264326,22027,614,10,0,Personal,250565,Rejected
29,372876,31073,839,31,0,Vehicle,1423375,Rejected
34,434306,36192,767,98,0,Personal,1723109,Rejected
42,407247,33937,797,97,0,Education,1625020,Rejected
62,1891203,157600,327,45,1,Housing,1223650,Rejected
62,1672814,139401,806,43,0,Housing,786126,Rejected
59,1345643,112136,372,44,0,Vehicle,1209036,Rejected
50,926677,77223,607,24,0,Vehicle,1927553,Rejected
39,1068368,89030,300,15,1,Personal,1588505,Rejected
25,1676500,139708,454,109,1,Personal,96075,Rejected
41,724637,60386,318,94,0,Education,1078719,Rejected
52,996821,83068,545,73,1,Housing,1287655,Rejected
50,305024,25418,312,73,1,Vehicle,1451696,Rejected
19,872431,72702,401,36,1,Housing,547221,Rejected
44,512080,42673,380,13,0,Business,211020,Rejected
24,1738227,144852,413,34,0,Business,787483,Rejected
44,468568,39047,795,119,1,Education,1406338,Approved
40,627004,52250,638,25,1,Business,158694,Rejected
53,652269,54355,821,95,1,Business,1541285,Approved
64,425479,35456,729,6,0,Education,495445,Rejected
35,894000,74500,746,0,0,Vehicle,134049,Rejected
52,530983,44248,320,35,1,Business,1140295,Rejected
49,815952,67996,724,86,1,Personal,1768965,Approved
43,813237,67769,412,57,1,Housing,521215,Rejected
52,903748,75312,754,59,0,Personal,1387604,Rejected
63,1345487,112123,492,6,1,Housing,996758,Rejected
20,540488,45040,633,74,1,Business,1546585,Rejected
35,1709959,142496,337,78,1,Vehicle,998627,Rejected
18,1600613,133384,556,41,1,Personal,1731928,Rejected
49,718021,59835,762,35,1,Education,1508416,Approved
49,1063111,88592,773,117,0,Vehicle,1543880,Rejected
40,1207495,100624,470,19,0,Vehicle,1196332,Rejected
62,1328277,110689,400,80,0,Business,1896234,Rejected
34,1052731,87727,628,120,1,Education,1406323,Rejected
26,1237408,103117,600,54,1,Vehicle,1909065,Rejected
59,1934683,161223,593,58,0,Housing,1076614,Rejected
19,291180,24265,801,37,1,Housing,1134341,Rejected
52,1247054,103921,560,23,1,Business,1749929,Rejected
32,1976719,164726,706,92,1,Housing,703957,Approved
27,766494,63874,594,44,0,Housing,991011,Rejected
42,837857,69821,794,70,1,Vehicle,1341030,Approved
43,757008,63084,643,46,1,Housing,582970,Rejected
51,1306215,108851,656,42,1,Vehicle,292890,Approved
42,1123805,93650,642,50,1,Vehicle,226561,Rejected
39,885647,73803,400,14,0,Vehicle,251149,Rejected
21,1105176,92098,591,68,1,Housing,571481,Rejected
42,1166896,97241,597,37,1,Education,493277,Rejected
38,1436799,119733,557,47,0,Business,1020457,Rejected
50,264452,22037,468,93,1,Housing,1481469,Rejected
51,1567117,130593,678,80,1,Business,1846906,Approved
59,252353,21029,447,48,0,Personal,1090769,Rejected
40,1350928,112577,524,76,0,Business,1339935,Rejected
24,537258,44771,341,8,1,Education,958065,Rejected
18,1135066,94588,590,118,1,Housing,968797,Rejected
32,163284,13607,647,20,1,Housing,1290365,Rejected
43,172707,14392,453,6,0,Vehicle,1589661,Rejected
60,1544094,128674,491,5,0,Vehicle,581283,Rejected
30,768945,64078,382,88,0,Education,1389664,Rejected
64,1851577,154298,818,59,1,Vehicle,102883,Approved
59,957423,79785,314,34,0,Personal,634301,Rejected
41,1929773,160814,700,27,1,Personal,894037,Approved
57,1222801,101900,578,20,1,Personal,483858,Rejected
32,1053368,87780,372,79,1,Housing,177814,Rejected
33,863098,71924,695,49,0,Personal,898630,Rejected
52,1918244,159853,561,25,1,Personal,869166,Rejected
43,1161894,96824,491,95,0,Housing,265075,Rejected
63,524432,43702,489,89,0,Housing,146858,Rejected
34,408525,34043,365,42,1,Business,611957,Rejected
21,1695032,141252,614,39,1,Vehicle,1249256,Rejected
25,1645170,137097,807,39,0,Personal,1478638,Rejected
63,700997,58416,831,62,0,Business,1178660,Rejected
25,432678,36056,577,100,0,Education,1139566,Rejected
27,560283,46690,642,106,0,Business,1254553,Rejected
53,820384,68365,804,25,1,Housing,608173,Approved
30,365271,30439,546,4,0,Vehicle,298514,Rejected
55,526917,43909,370,46,0,Personal,170194,Rejected
59,918718,76559,513,0,0,Education,1012206,Rejected
32,1889883,157490,663,60,1,Education,1173025,Approved
46,918143,76511,734,93,1,Vehicle,432178,Approved
20,428891,35740,630,83,0,Education,673175,Rejected
30,1967091,163924,779,32,0,Personal,1581901,Rejected
42,718944,59912,825,14,0,Business,1676257,Rejected
28,1706597,142216,442,82,0,Personal,1967372,Rejected
23,1261157,105096,316,59,1,Personal,1311929,Rejected
22,402260,33521,619,74,0,Business,1806549,Rejected
58,924274,77022,639,116,1,Education,341275,Rejected
37,1827823,152318,802,53,0,Personal,1257676,Rejected
37,262097,21841,376,83,0,Education,963362,Rejected
24,638848,53237,561,66,0,Vehicle,1527732,Rejected
57,1155774,96314,784,19,1,Personal,1770633,Approved
61,870115,72509,614,108,1,Personal,1614714,Rejected
50,901443,75120,679,59,0,Business,1216807,Rejected
62,454887,37907,758,39,0,Vehicle,1045528,Rejected
49,1160835,96736,320,44,0,Business,907802,Rejected
32,1129053,94087,517,13,1,Vehicle,1318289,Rejected
47,1247913,103992,351,93,1,Housing,1652345,Rejected
44,911181,75931,800,82,0,Housing,195403,Rejected
30,567168,47264,525,97,1,Business,1830874,Rejected
19,1430902,119241,685,80,0,Housing,915331,Rejected
47,1797080,149756,455,35,1,Education,875497,Rejected
50,1531519,127626,734,91,0,Education,519320,Rejected
25,1546587,128882,306,109,1,Vehicle,303034,Rejected
20,519922,43326,682,20,0,Education,1659716,Rejected
48,1382471,115205,620,70,0,Business,352157,Rejected
55,545968,45497,582,70,0,Vehicle,147630,Rejected
23,1202748,100229,694,10,1,Business,1491108,Approved
50,958481,79873,542,46,1,Personal,1200859,Rejected
19,1499476,124956,537,95,0,Business,1461619,Rejected
42,558239,46519,584,116,0,Housing,1710414,Rejected
38,1630595,135882,787,42,0,Education,1248603,Rejected
29,956948,79745,400,24,0,Housing,1214159,Rejected
45,854360,71196,623,37,0,Business,1638924,Rejected
47,1156803,96400,349,65,1,Personal,273045,Rejected
19,234128,19510,585,87,1,Business,444671,Rejected
55,1089374,90781,302,38,1,Vehicle,1155017,Rejected
19,1622165,135180,439,111,1,Housing,1071650,Rejected
18,796855,66404,449,113,1,Business,1745207,Rejected
28,378991,31582,593,103,0,Housing,606426,Rejected
54,1544451,128704,477,66,1,Business,427569,Rejected
22,955415,79617,303,32,0,Vehicle,1648918,Rejected
50,1313407,109450,587,109,1,Business,1888918,Rejected
18,682498,56874,660,108,0,Business,632941,Rejected
51,1232221,102685,439,95,0,Education,650907,Rejected
37,1168985,97415,479,106,0,Personal,570545,Rejected
65,1267848,105654,721,46,0,Housing,1646241,Rejected
48,907797,75649,604,89,0,Housing,1633227,Rejected
52,1293557,107796,638,11,1,Personal,816264,Rejected
50,611732,50977,805,86,1,Vehicle,1487261,Approved
53,387737,32311,530,100,0,Education,720312,Rejected
55,272360,22696,506,43,0,Personal,1232404,Rejected
33,282795,23566,840,42,0,Education,807156,Rejected
27,1427994,118999,710,4,0,Business,678523,Rejected
22,1036541,86378,617,113,1,Vehicle,765175,Rejected
20,1461373,121781,415,19,0,Education,129209,Rejected
40,717732,59811,576,28,1,Personal,685306,Rejected
28,1653488,137790,381,92,1,Business,1357651,Rejected
43,1645787,137148,468,16,0,Housing,607002,Rejected
51,608154,50679,366,94,1,Education,1446459,Rejected
21,1744684,145390,785,106,1,Personal,127146,Approved
47,1785718,148809,748,58,1,Education,239014,Approved
40,462794,38566,646,3,1,Personal,801595,Rejected
48,487387,40615,843,20,1,Housing,779308,Approved
24,1906031,158835,747,38,0,Housing,505596,Rejected
55,1715014,142917,351,17,1,Personal,404528,Rejected
44,1397771,116480,402,106,1,Housing,302642,Rejected
46,1342043,111836,360,64,1,Housing,1360134,Rejected
44,1658419,138201,357,118,0,Vehicle,956601,Rejected
21,1050413,87534,515,33,0,Personal,864346,Rejected
37,1803051,150254,728,79,0,Housing,1388057,Rejected
37,690357,57529,599,44,0,Personal,1565604,Rejected
19,1716010,143000,535,48,1,Vehicle,771976,Rejected
33,509472,42456,455,44,0,Business,1146117,Rejected
20,1551776,129314,565,46,1,Education,1270713,Rejected
30,661655,55137,628,15,1,Vehicle,244004,Rejected
40,1774610,147884,363,74,1,Personal,1778169,Rejected
52,529607,44133,681,2,1,Vehicle,1119532,Approved
22,679197,56599,829,8,1,Housing,1995057,Approved
60,1889176,157431,652,74,1,Business,1103659,Approved
39,1034250,86187,414,51,1,Vehicle,1867286,Rejected
31,360950,30079,698,29,0,Education,1142525,Rejected
64,1313853,109487,783,117,1,Education,993306,Approved
49,903982,75331,765,78,1,Housing,1584721,Approved
42,695528,57960,632,76,0,Housing,202085,Rejected
52,485634,40469,507,66,0,Education,1416542,Rejected
64,597909,49825,504,93,0,Housing,1476167,Rejected
65,892937,74411,622,102,1,Personal,1371723,Rejected
19,1925367,160447,830,93,1,Housing,1447710,Approved
56,327453,27287,384,15,0,Education,1147173,Rejected
52,1799801,149983,750,29,0,Vehicle,1502744,Rejected
23,896567,74713,370,97,1,Education,1314014,Rejected
59,1206857,100571,452,68,0,Business,1010396,Rejected
64,274820,22901,603,106,1,Housing,792460,Rejected
32,1007709,83975,382,120,0,Business,1214224,Rejected
37,1516049,126337,699,11,0,Housing,1651870,Rejected
30,1485234,123769,602,40,0,Vehicle,953520,Rejected
41,1286403,107200,457,68,0,Education,457124,Rejected
31,1197895,99824,561,56,1,Business,1305545,Rejected
23,493589,41132,797,2,0,Vehicle,1196224,Rejected
18,879640,73303,583,110,1,Housing,1494449,Rejected
28,190466,15872,458,28,0,Housing,180166,Rejected
52,1508084,125673,647,2,1,Business,446600,Rejected
37,643921,53660,418,83,1,Business,1740030,Rejected
65,1774471,147872,462,101,0,Business,1331077,Rejected
30,1021205,85100,774,61,0,Vehicle,89012,Rejected
51,1061201,88433,682,70,1,Vehicle,724267,Approved
49,1599970,133330,812,100,0,Personal,672108,Rejected
35,359709,29975,407,94,1,Business,865651,Rejected
61,511105,42592,724,87,1,Housing,745219,Approved
25,405749,33812,846,47,1,Education,484490,Approved
23,1250669,104222,429,40,1,Business,270328,Rejected
56,1818202,151516,836,118,1,Vehicle,1155811,Approved
42,1525016,127084,801,86,1,Housing,399831,Approved
28,222819,18568,718,39,1,Vehicle,1649870,Rejected
63,1250115,104176,388,74,1,Vehicle,481508,Rejected
63,1371687,114307,786,8,1,Personal,1787547,Approved
45,1043358,86946,304,94,1,Vehicle,1818346,Rejected
51,1109955,92496,771,71,0,Personal,1751701,Rejected
50,1260042,105003,403,92,1,Education,1533424,Rejected
27,654449,54537,516,29,0,Housing,1153261,Rejected
45,378401,31533,715,85,1,Education,447034,Approved
48,970645,80887,341,72,0,Housing,1878603,Rejected
56,1627736,135644,685,55,0,Personal,571159,Rejected
55,1937885,161490,520,61,1,Housing,1769353,Rejected
50,1586348,132195,472,3,1,Education,313618,Rejected
48,1370367,114197,413,82,1,Personal,663345,Rejected
25,953539,79461,420,116,0,Education,898768,Rejected
60,1480725,123393,657,120,1,Personal,1521793,Approved
19,311258,25938,785,108,0,Housing,1726018,Rejected
65,457183,38098,845,25,0,Education,1117217,Rejected
49,1547316,128943,460,18,1,Housing,1087925,Rejected
49,1012556,84379,819,74,1,Personal,66904,Approved
42,723523,60293,369,95,1,Housing,1366077,Rejected
32,1439277,119939,672,54,0,Business,701526,Rejected
60,1709485,142457,389,9,1,Education,1956252,Rejected
36,1751549,145962,801,28,0,Personal,589391,Rejected
34,835214,69601,527,104,1,Business,444854,Rejected
56,796335,66361,649,113,0,Business,1810832,Rejected
25,1466714,122226,743,20,0,Education,1294902,Rejected
18,362626,30218,797,119,1,Education,462964,Approved
30,923883,76990,408,89,1,Business,1594301,Rejected
64,1076102,89675,782,37,0,Personal,490712,Rejected
47,1714166,142847,509,103,1,Education,1751317,Rejected
58,735815,61317,348,25,1,Education,575479,Rejected
60,1842714,153559,611,38,1,Housing,683710,Rejected
50,1307919,108993,528,0,0,Business,832913,Rejected
18,1486478,123873,796,113,0,Vehicle,628930,Rejected
58,894535,74544,570,103,0,Personal,1128135,Rejected
59,357589,29799,751,28,0,Housing,1098491,Rejected
28,1719974,143331,537,40,0,Housing,1472919,Rejected
64,1027585,85632,486,71,0,Business,1205589,Rejected
34,1454461,121205,727,19,0,Business,395084,Rejected
52,686492,57207,631,49,1,Education,634054,Rejected
42,904273,75356,775,40,1,Personal,1842172,Approved
26,1928200,160683,801,117,1,Business,1340073,Approved
40,1893220,157768,665,28,1,Personal,839408,Approved
49,470890,39240,698,70,1,Business,1336154,Approved
53,1030659,85888,523,53,1,Personal,448420,Rejected
59,1919189,159932,649,44,0,Housing,73395,Rejected
58,353328,29444,800,68,1,Housing,1223261,Approved
34,1531843,127653,337,96,0,Vehicle,1990087,Rejected
43,518995,43249,642,86,1,Personal,65486,Rejected
59,1312580,109381,573,69,1,Vehicle,157918,Rejected
25,392383,32698,751,97,1,Vehicle,1783031,Approved
28,376303,31358,349,20,0,Vehicle,1306376,Rejected
27,811662,67638,501,10,1,Personal,1995925,Rejected
34,1432541,119378,632,58,0,Business,1688690,Rejected
53,910617,75884,364,114,1,Housing,1387011,Rejected
63,1534519,127876,494,78,1,Personal,149490,Rejected
54,1042307,86858,476,46,1,Vehicle,1186441,Rejected
51,1141299,95108,621,68,0,Housing,1808937,Rejected
33,229525,19127,845,33,1,Business,1983636,Rejected
61,1508437,125703,424,116,1,Personal,1422367,Rejected
49,1415074,117922,304,40,1,Vehicle,1640718,Rejected
45,755428,62952,330,102,0,Education,999437,Rejected
65,976859,81404,817,33,0,Business,604156,Rejected
65,945608,78800,518,69,0,Business,1589487,Rejected
34,764042,63670,821,21,1,Business,1211413,Approved
32,515048,42920,568,67,0,Personal,354356,Rejected
51,1487090,123924,769,108,0,Education,291460,Rejected
62,1579988,131665,695,33,0,Vehicle,852181,Rejected
44,934124,77843,646,37,0,Education,158587,Rejected
45,1682251,140187,318,46,0,Personal,560101,Rejected
55,425091,35424,849,64,0,Personal,1892483,Rejected
20,1936116,161343,785,22,1,Education,1136113,Approved
64,1117078,93089,709,0,1,Business,154664,Approved
35,279604,23300,526,8,1,Housing,1169583,Rejected
43,366377,30531,828,82,1,Education,1455627,Approved
65,1395294,116274,798,115,0,Vehicle,1637957,Rejected
27,807237,67269,623,75,0,Personal,1053407,Rejected
41,1061704,88475,649,103,0,Personal,965179,Rejected
28,957617,79801,650,118,0,Housing,1464682,Rejected
34,1688464,140705,825,68,1,Education,1522060,Approved
32,1663085,138590,542,102,1,Housing,1641483,Rejected
31,1120819,93401,357,93,1,Personal,1712494,Rejected
51,1783176,148598,430,40,1,Vehicle,379132,Rejected
38,258606,21550,362,99,0,Personal,955506,Rejected
21,717494,59791,451,54,1,Business,117544,Rejected
34,331703,27641,504,76,0,Vehicle,1371741,Rejected
38,1934443,161203,810,46,0,Business,1671905,Rejected
51,1060311,88359,343,1,1,Business,698231,Rejected
35,417581,34798,572,9,1,Education,588918,Rejected
38,1683257,140271,616,104,0,Housing,553493,Rejected
32,250840,20903,313,112,0,Vehicle,210768,Rejected
34,1253914,104492,646,77,1,Business,695993,Rejected
49,777799,64816,653,54,1,Education,1618890,Approved
65,1887681,157306,658,109,1,Housing,388674,Approved
45,663539,55294,338,25,0,Vehicle,764524,Rejected
18,583799,48649,588,15,1,Education,551025,Rejected
22,523922,43660,354,38,1,Personal,1891099,Rejected
58,1751397,145949,816,48,1,Personal,371771,Approved
18,231986,19332,487,80,1,Housing,376897,Rejected
34,1224604,102050,575,107,1,Vehicle,719419,Rejected
29,444155,37012,733,77,1,Business,168043,Approved
27,740902,61741,721,85,1,Business,1677462,Approved
41,340190,28349,763,10,1,Business,1234133,Approved
29,732763,61063,817,67,0,Education,860534,Rejected
35,362194,30182,656,75,0,Education,1000915,Rejected
37,1483972,123664,554,70,0,Vehicle,1281768,Rejected
22,1079218,89934,719,16,0,Personal,678239,Rejected
44,1662628,138552,404,66,0,Housing,474361,Rejected
53,1272030,106002,360,69,1,Vehicle,1863407,Rejected
22,1266850,105570,512,26,1,Education,1560506,Rejected
21,1609602,134133,773,21,0,Personal,1981946,Rejected
28,1965010,163750,338,103,0,Business,1860713,Rejected
39,1501994,125166,695,103,1,Personal,436411,Approved
18,1044888,87074,342,50,0,Personal,558652,Rejected
